Iteration, Reward 
0,57.000000
1,93.000000
2,39.000000
3,37.000000
4,60.000000
5,122.000000
6,95.000000
7,59.000000
8,71.000000
9,93.000000
10,50.000000
11,35.000000
12,43.000000
13,46.000000
